Dataset,PoziomUszkodzen,Metoda,Model,DamageRepeat,CVRepeat,CVSeed,AUC
zapalenia,ORYGINALNY,raw,RF,0,1,101,0.9304
zapalenia,ORYGINALNY,raw,RF,0,2,202,0.9366
zapalenia,ORYGINALNY,raw,NB,0,1,101,0.8438
zapalenia,ORYGINALNY,raw,NB,0,2,202,0.8455
zapalenia,ORYGINALNY,raw,XGBoost,0,1,101,0.936
zapalenia,ORYGINALNY,raw,XGBoost,0,2,202,0.949
zapalenia,20%,raw,RF,1,1,101,0.8417
zapalenia,20%,raw,RF,1,2,202,0.8458
zapalenia,20%,raw,NB,1,1,101,0.5685
zapalenia,20%,raw,NB,1,2,202,0.5745
zapalenia,20%,raw,XGBoost,1,1,101,0.8745
zapalenia,20%,raw,XGBoost,1,2,202,0.8703
zapalenia,20%,fill,RF,1,1,101,0.8858
zapalenia,20%,fill,RF,1,2,202,0.8983
zapalenia,20%,fill,NB,1,1,101,0.6797
zapalenia,20%,fill,NB,1,2,202,0.6961
zapalenia,20%,fill,XGBoost,1,1,101,0.9047
zapalenia,20%,fill,XGBoost,1,2,202,0.8739
zapalenia,20%,remove_fill,RF,1,1,101,0.9016
zapalenia,20%,remove_fill,RF,1,2,202,0.8987
zapalenia,20%,remove_fill,NB,1,1,101,0.7058
zapalenia,20%,remove_fill,NB,1,2,202,0.7126
zapalenia,20%,remove_fill,XGBoost,1,1,101,0.8823
zapalenia,20%,remove_fill,XGBoost,1,2,202,0.8758
zapalenia,20%,fill_norm,RF,1,1,101,0.8853
zapalenia,20%,fill_norm,RF,1,2,202,0.899
zapalenia,20%,fill_norm,NB,1,1,101,0.6877
zapalenia,20%,fill_norm,NB,1,2,202,0.7044
zapalenia,20%,fill_norm,XGBoost,1,1,101,0.9047
zapalenia,20%,fill_norm,XGBoost,1,2,202,0.8739
zapalenia,20%,all,RF,1,1,101,0.9014
zapalenia,20%,all,RF,1,2,202,0.8987
zapalenia,20%,all,NB,1,1,101,0.7053
zapalenia,20%,all,NB,1,2,202,0.7125
zapalenia,20%,all,XGBoost,1,1,101,0.8823
zapalenia,20%,all,XGBoost,1,2,202,0.8758
zapalenia,20%,raw,RF,2,1,101,0.8728
zapalenia,20%,raw,RF,2,2,202,0.8672
zapalenia,20%,raw,NB,2,1,101,0.6278
zapalenia,20%,raw,NB,2,2,202,0.6304
zapalenia,20%,raw,XGBoost,2,1,101,0.8857
zapalenia,20%,raw,XGBoost,2,2,202,0.8814
zapalenia,20%,fill,RF,2,1,101,0.8718
zapalenia,20%,fill,RF,2,2,202,0.8579
zapalenia,20%,fill,NB,2,1,101,0.6855
zapalenia,20%,fill,NB,2,2,202,0.6979
zapalenia,20%,fill,XGBoost,2,1,101,0.8526
zapalenia,20%,fill,XGBoost,2,2,202,0.8257
zapalenia,20%,remove_fill,RF,2,1,101,0.8777
zapalenia,20%,remove_fill,RF,2,2,202,0.8832
zapalenia,20%,remove_fill,NB,2,1,101,0.7288
zapalenia,20%,remove_fill,NB,2,2,202,0.7191
zapalenia,20%,remove_fill,XGBoost,2,1,101,0.8705
zapalenia,20%,remove_fill,XGBoost,2,2,202,0.8453
zapalenia,20%,fill_norm,RF,2,1,101,0.8718
zapalenia,20%,fill_norm,RF,2,2,202,0.8586
zapalenia,20%,fill_norm,NB,2,1,101,0.7094
zapalenia,20%,fill_norm,NB,2,2,202,0.7235
zapalenia,20%,fill_norm,XGBoost,2,1,101,0.8526
zapalenia,20%,fill_norm,XGBoost,2,2,202,0.8257
zapalenia,20%,all,RF,2,1,101,0.8777
zapalenia,20%,all,RF,2,2,202,0.8834
zapalenia,20%,all,NB,2,1,101,0.7281
zapalenia,20%,all,NB,2,2,202,0.7187
zapalenia,20%,all,XGBoost,2,1,101,0.8705
zapalenia,20%,all,XGBoost,2,2,202,0.8453
zapalenia,40%,raw,RF,1,1,101,0.7871
zapalenia,40%,raw,RF,1,2,202,0.7941
zapalenia,40%,raw,NB,1,1,101,0.5997
zapalenia,40%,raw,NB,1,2,202,0.6296
zapalenia,40%,raw,XGBoost,1,1,101,0.7978
zapalenia,40%,raw,XGBoost,1,2,202,0.8361
zapalenia,40%,fill,RF,1,1,101,0.8687
zapalenia,40%,fill,RF,1,2,202,0.8632
zapalenia,40%,fill,NB,1,1,101,0.7038
zapalenia,40%,fill,NB,1,2,202,0.6829
zapalenia,40%,fill,XGBoost,1,1,101,0.8366
zapalenia,40%,fill,XGBoost,1,2,202,0.8631
zapalenia,40%,remove_fill,RF,1,1,101,0.8466
zapalenia,40%,remove_fill,RF,1,2,202,0.843
zapalenia,40%,remove_fill,NB,1,1,101,0.5967
zapalenia,40%,remove_fill,NB,1,2,202,0.5536
zapalenia,40%,remove_fill,XGBoost,1,1,101,0.8093
zapalenia,40%,remove_fill,XGBoost,1,2,202,0.8526
zapalenia,40%,fill_norm,RF,1,1,101,0.8687
zapalenia,40%,fill_norm,RF,1,2,202,0.8628
zapalenia,40%,fill_norm,NB,1,1,101,0.712
zapalenia,40%,fill_norm,NB,1,2,202,0.7175
zapalenia,40%,fill_norm,XGBoost,1,1,101,0.8366
zapalenia,40%,fill_norm,XGBoost,1,2,202,0.8631
zapalenia,40%,all,RF,1,1,101,0.8465
zapalenia,40%,all,RF,1,2,202,0.8434
zapalenia,40%,all,NB,1,1,101,0.6327
zapalenia,40%,all,NB,1,2,202,0.6193
zapalenia,40%,all,XGBoost,1,1,101,0.8093
zapalenia,40%,all,XGBoost,1,2,202,0.8526
zapalenia,40%,raw,RF,2,1,101,0.7493
zapalenia,40%,raw,RF,2,2,202,0.7715
zapalenia,40%,raw,NB,2,1,101,0.5647
zapalenia,40%,raw,NB,2,2,202,0.6008
zapalenia,40%,raw,XGBoost,2,1,101,0.7536
zapalenia,40%,raw,XGBoost,2,2,202,0.7601
zapalenia,40%,fill,RF,2,1,101,0.8222
zapalenia,40%,fill,RF,2,2,202,0.7978
zapalenia,40%,fill,NB,2,1,101,0.5802
zapalenia,40%,fill,NB,2,2,202,0.5974
zapalenia,40%,fill,XGBoost,2,1,101,0.8126
zapalenia,40%,fill,XGBoost,2,2,202,0.7983
zapalenia,40%,remove_fill,RF,2,1,101,0.8288
zapalenia,40%,remove_fill,RF,2,2,202,0.8088
zapalenia,40%,remove_fill,NB,2,1,101,0.559
zapalenia,40%,remove_fill,NB,2,2,202,0.5651
zapalenia,40%,remove_fill,XGBoost,2,1,101,0.8297
zapalenia,40%,remove_fill,XGBoost,2,2,202,0.8294
zapalenia,40%,fill_norm,RF,2,1,101,0.8211
zapalenia,40%,fill_norm,RF,2,2,202,0.797
zapalenia,40%,fill_norm,NB,2,1,101,0.6332
zapalenia,40%,fill_norm,NB,2,2,202,0.6451
zapalenia,40%,fill_norm,XGBoost,2,1,101,0.8126
zapalenia,40%,fill_norm,XGBoost,2,2,202,0.7983
zapalenia,40%,all,RF,2,1,101,0.8292
zapalenia,40%,all,RF,2,2,202,0.8089
zapalenia,40%,all,NB,2,1,101,0.5958
zapalenia,40%,all,NB,2,2,202,0.6265
zapalenia,40%,all,XGBoost,2,1,101,0.8297
zapalenia,40%,all,XGBoost,2,2,202,0.8294
zapalenia,60%,raw,RF,1,1,101,0.5917
zapalenia,60%,raw,RF,1,2,202,0.5704
zapalenia,60%,raw,NB,1,1,101,0.5334
zapalenia,60%,raw,NB,1,2,202,0.4853
zapalenia,60%,raw,XGBoost,1,1,101,0.6189
zapalenia,60%,raw,XGBoost,1,2,202,0.5584
zapalenia,60%,fill,RF,1,1,101,0.8004
zapalenia,60%,fill,RF,1,2,202,0.7882
zapalenia,60%,fill,NB,1,1,101,0.5221
zapalenia,60%,fill,NB,1,2,202,0.5176
zapalenia,60%,fill,XGBoost,1,1,101,0.7544
zapalenia,60%,fill,XGBoost,1,2,202,0.6932
zapalenia,60%,remove_fill,RF,1,1,101,0.7868
zapalenia,60%,remove_fill,RF,1,2,202,0.7632
zapalenia,60%,remove_fill,NB,1,1,101,0.5283
zapalenia,60%,remove_fill,NB,1,2,202,0.5213
zapalenia,60%,remove_fill,XGBoost,1,1,101,0.7547
zapalenia,60%,remove_fill,XGBoost,1,2,202,0.725
zapalenia,60%,fill_norm,RF,1,1,101,0.7987
zapalenia,60%,fill_norm,RF,1,2,202,0.7877
zapalenia,60%,fill_norm,NB,1,1,101,0.5939
zapalenia,60%,fill_norm,NB,1,2,202,0.5427
zapalenia,60%,fill_norm,XGBoost,1,1,101,0.7544
zapalenia,60%,fill_norm,XGBoost,1,2,202,0.6932
zapalenia,60%,all,RF,1,1,101,0.7866
zapalenia,60%,all,RF,1,2,202,0.7608
zapalenia,60%,all,NB,1,1,101,0.5803
zapalenia,60%,all,NB,1,2,202,0.5293
zapalenia,60%,all,XGBoost,1,1,101,0.7547
zapalenia,60%,all,XGBoost,1,2,202,0.725
zapalenia,60%,raw,RF,2,1,101,0.5939
zapalenia,60%,raw,RF,2,2,202,0.5781
zapalenia,60%,raw,NB,2,1,101,0.4976
zapalenia,60%,raw,NB,2,2,202,0.5148
zapalenia,60%,raw,XGBoost,2,1,101,0.6463
zapalenia,60%,raw,XGBoost,2,2,202,0.6756
zapalenia,60%,fill,RF,2,1,101,0.7955
zapalenia,60%,fill,RF,2,2,202,0.8153
zapalenia,60%,fill,NB,2,1,101,0.5433
zapalenia,60%,fill,NB,2,2,202,0.5552
zapalenia,60%,fill,XGBoost,2,1,101,0.7201
zapalenia,60%,fill,XGBoost,2,2,202,0.7558
zapalenia,60%,remove_fill,RF,2,1,101,0.8019
zapalenia,60%,remove_fill,RF,2,2,202,0.8098
zapalenia,60%,remove_fill,NB,2,1,101,0.5714
zapalenia,60%,remove_fill,NB,2,2,202,0.5946
zapalenia,60%,remove_fill,XGBoost,2,1,101,0.7259
zapalenia,60%,remove_fill,XGBoost,2,2,202,0.7638
zapalenia,60%,fill_norm,RF,2,1,101,0.7956
zapalenia,60%,fill_norm,RF,2,2,202,0.8155
zapalenia,60%,fill_norm,NB,2,1,101,0.5506
zapalenia,60%,fill_norm,NB,2,2,202,0.529
zapalenia,60%,fill_norm,XGBoost,2,1,101,0.7201
zapalenia,60%,fill_norm,XGBoost,2,2,202,0.7558
zapalenia,60%,all,RF,2,1,101,0.8015
zapalenia,60%,all,RF,2,2,202,0.81
zapalenia,60%,all,NB,2,1,101,0.5497
zapalenia,60%,all,NB,2,2,202,0.5691
zapalenia,60%,all,XGBoost,2,1,101,0.7259
zapalenia,60%,all,XGBoost,2,2,202,0.7638
diabetes,ORYGINALNY,raw,RF,0,1,101,0.8292
diabetes,ORYGINALNY,raw,RF,0,2,202,0.825
diabetes,ORYGINALNY,raw,NB,0,1,101,0.8092
diabetes,ORYGINALNY,raw,NB,0,2,202,0.8132
diabetes,ORYGINALNY,raw,XGBoost,0,1,101,0.8145
diabetes,ORYGINALNY,raw,XGBoost,0,2,202,0.8157
diabetes,20%,raw,RF,1,1,101,0.7315
diabetes,20%,raw,RF,1,2,202,0.7168
diabetes,20%,raw,NB,1,1,101,0.5018
diabetes,20%,raw,NB,1,2,202,0.483
diabetes,20%,raw,XGBoost,1,1,101,0.7371
diabetes,20%,raw,XGBoost,1,2,202,0.7222
diabetes,20%,fill,RF,1,1,101,0.7419
diabetes,20%,fill,RF,1,2,202,0.7322
diabetes,20%,fill,NB,1,1,101,0.5136
diabetes,20%,fill,NB,1,2,202,0.5129
diabetes,20%,fill,XGBoost,1,1,101,0.7359
diabetes,20%,fill,XGBoost,1,2,202,0.7285
diabetes,20%,remove_fill,RF,1,1,101,0.7709
diabetes,20%,remove_fill,RF,1,2,202,0.7675
diabetes,20%,remove_fill,NB,1,1,101,0.7341
diabetes,20%,remove_fill,NB,1,2,202,0.7415
diabetes,20%,remove_fill,XGBoost,1,1,101,0.7702
diabetes,20%,remove_fill,XGBoost,1,2,202,0.7673
diabetes,20%,fill_norm,RF,1,1,101,0.7424
diabetes,20%,fill_norm,RF,1,2,202,0.7314
diabetes,20%,fill_norm,NB,1,1,101,0.5137
diabetes,20%,fill_norm,NB,1,2,202,0.5129
diabetes,20%,fill_norm,XGBoost,1,1,101,0.7359
diabetes,20%,fill_norm,XGBoost,1,2,202,0.7285
diabetes,20%,all,RF,1,1,101,0.7722
diabetes,20%,all,RF,1,2,202,0.7686
diabetes,20%,all,NB,1,1,101,0.7341
diabetes,20%,all,NB,1,2,202,0.7414
diabetes,20%,all,XGBoost,1,1,101,0.7702
diabetes,20%,all,XGBoost,1,2,202,0.7673
diabetes,20%,raw,RF,2,1,101,0.7138
diabetes,20%,raw,RF,2,2,202,0.7022
diabetes,20%,raw,NB,2,1,101,0.4677
diabetes,20%,raw,NB,2,2,202,0.4697
diabetes,20%,raw,XGBoost,2,1,101,0.7237
diabetes,20%,raw,XGBoost,2,2,202,0.7025
diabetes,20%,fill,RF,2,1,101,0.7192
diabetes,20%,fill,RF,2,2,202,0.714
diabetes,20%,fill,NB,2,1,101,0.5303
diabetes,20%,fill,NB,2,2,202,0.5101
diabetes,20%,fill,XGBoost,2,1,101,0.7269
diabetes,20%,fill,XGBoost,2,2,202,0.7135
diabetes,20%,remove_fill,RF,2,1,101,0.743
diabetes,20%,remove_fill,RF,2,2,202,0.7553
diabetes,20%,remove_fill,NB,2,1,101,0.7347
diabetes,20%,remove_fill,NB,2,2,202,0.7355
diabetes,20%,remove_fill,XGBoost,2,1,101,0.7451
diabetes,20%,remove_fill,XGBoost,2,2,202,0.7421
diabetes,20%,fill_norm,RF,2,1,101,0.7179
diabetes,20%,fill_norm,RF,2,2,202,0.7139
diabetes,20%,fill_norm,NB,2,1,101,0.5303
diabetes,20%,fill_norm,NB,2,2,202,0.5101
diabetes,20%,fill_norm,XGBoost,2,1,101,0.7269
diabetes,20%,fill_norm,XGBoost,2,2,202,0.7135
diabetes,20%,all,RF,2,1,101,0.7429
diabetes,20%,all,RF,2,2,202,0.7557
diabetes,20%,all,NB,2,1,101,0.7347
diabetes,20%,all,NB,2,2,202,0.7355
diabetes,20%,all,XGBoost,2,1,101,0.7451
diabetes,20%,all,XGBoost,2,2,202,0.7421
diabetes,40%,raw,RF,1,1,101,0.6265
diabetes,40%,raw,RF,1,2,202,0.6403
diabetes,40%,raw,NB,1,1,101,0.5057
diabetes,40%,raw,NB,1,2,202,0.5441
diabetes,40%,raw,XGBoost,1,1,101,0.6362
diabetes,40%,raw,XGBoost,1,2,202,0.6553
diabetes,40%,fill,RF,1,1,101,0.6664
diabetes,40%,fill,RF,1,2,202,0.6812
diabetes,40%,fill,NB,1,1,101,0.5385
diabetes,40%,fill,NB,1,2,202,0.5778
diabetes,40%,fill,XGBoost,1,1,101,0.685
diabetes,40%,fill,XGBoost,1,2,202,0.6944
diabetes,40%,remove_fill,RF,1,1,101,0.6641
diabetes,40%,remove_fill,RF,1,2,202,0.6501
diabetes,40%,remove_fill,NB,1,1,101,0.5008
diabetes,40%,remove_fill,NB,1,2,202,0.5337
diabetes,40%,remove_fill,XGBoost,1,1,101,0.6839
diabetes,40%,remove_fill,XGBoost,1,2,202,0.6881
diabetes,40%,fill_norm,RF,1,1,101,0.665
diabetes,40%,fill_norm,RF,1,2,202,0.6824
diabetes,40%,fill_norm,NB,1,1,101,0.5384
diabetes,40%,fill_norm,NB,1,2,202,0.5779
diabetes,40%,fill_norm,XGBoost,1,1,101,0.685
diabetes,40%,fill_norm,XGBoost,1,2,202,0.6944
diabetes,40%,all,RF,1,1,101,0.6639
diabetes,40%,all,RF,1,2,202,0.6505
diabetes,40%,all,NB,1,1,101,0.5008
diabetes,40%,all,NB,1,2,202,0.5337
diabetes,40%,all,XGBoost,1,1,101,0.6839
diabetes,40%,all,XGBoost,1,2,202,0.6881
diabetes,40%,raw,RF,2,1,101,0.7058
diabetes,40%,raw,RF,2,2,202,0.7139
diabetes,40%,raw,NB,2,1,101,0.565
diabetes,40%,raw,NB,2,2,202,0.5497
diabetes,40%,raw,XGBoost,2,1,101,0.6985
diabetes,40%,raw,XGBoost,2,2,202,0.7196
diabetes,40%,fill,RF,2,1,101,0.7219
diabetes,40%,fill,RF,2,2,202,0.6943
diabetes,40%,fill,NB,2,1,101,0.5586
diabetes,40%,fill,NB,2,2,202,0.5389
diabetes,40%,fill,XGBoost,2,1,101,0.7187
diabetes,40%,fill,XGBoost,2,2,202,0.7066
diabetes,40%,remove_fill,RF,2,1,101,0.7149
diabetes,40%,remove_fill,RF,2,2,202,0.6993
diabetes,40%,remove_fill,NB,2,1,101,0.5555
diabetes,40%,remove_fill,NB,2,2,202,0.5374
diabetes,40%,remove_fill,XGBoost,2,1,101,0.737
diabetes,40%,remove_fill,XGBoost,2,2,202,0.7303
diabetes,40%,fill_norm,RF,2,1,101,0.7226
diabetes,40%,fill_norm,RF,2,2,202,0.695
diabetes,40%,fill_norm,NB,2,1,101,0.5585
diabetes,40%,fill_norm,NB,2,2,202,0.5389
diabetes,40%,fill_norm,XGBoost,2,1,101,0.7187
diabetes,40%,fill_norm,XGBoost,2,2,202,0.7066
diabetes,40%,all,RF,2,1,101,0.7145
diabetes,40%,all,RF,2,2,202,0.6988
diabetes,40%,all,NB,2,1,101,0.5555
diabetes,40%,all,NB,2,2,202,0.5375
diabetes,40%,all,XGBoost,2,1,101,0.737
diabetes,40%,all,XGBoost,2,2,202,0.7303
diabetes,60%,raw,RF,1,1,101,0.582
diabetes,60%,raw,RF,1,2,202,0.5464
diabetes,60%,raw,NB,1,1,101,0.5168
diabetes,60%,raw,NB,1,2,202,0.4505
diabetes,60%,raw,XGBoost,1,1,101,0.6071
diabetes,60%,raw,XGBoost,1,2,202,0.5805
diabetes,60%,fill,RF,1,1,101,0.647
diabetes,60%,fill,RF,1,2,202,0.6092
diabetes,60%,fill,NB,1,1,101,0.5145
diabetes,60%,fill,NB,1,2,202,0.4456
diabetes,60%,fill,XGBoost,1,1,101,0.6572
diabetes,60%,fill,XGBoost,1,2,202,0.6211
diabetes,60%,remove_fill,RF,1,1,101,0.652
diabetes,60%,remove_fill,RF,1,2,202,0.6015
diabetes,60%,remove_fill,NB,1,1,101,0.5245
diabetes,60%,remove_fill,NB,1,2,202,0.4738
diabetes,60%,remove_fill,XGBoost,1,1,101,0.6502
diabetes,60%,remove_fill,XGBoost,1,2,202,0.6294
diabetes,60%,fill_norm,RF,1,1,101,0.6467
diabetes,60%,fill_norm,RF,1,2,202,0.6088
diabetes,60%,fill_norm,NB,1,1,101,0.5146
diabetes,60%,fill_norm,NB,1,2,202,0.4456
diabetes,60%,fill_norm,XGBoost,1,1,101,0.6572
diabetes,60%,fill_norm,XGBoost,1,2,202,0.6211
diabetes,60%,all,RF,1,1,101,0.6503
diabetes,60%,all,RF,1,2,202,0.6022
diabetes,60%,all,NB,1,1,101,0.5245
diabetes,60%,all,NB,1,2,202,0.4738
diabetes,60%,all,XGBoost,1,1,101,0.6502
diabetes,60%,all,XGBoost,1,2,202,0.6294
diabetes,60%,raw,RF,2,1,101,0.6399
diabetes,60%,raw,RF,2,2,202,0.648
diabetes,60%,raw,NB,2,1,101,0.5292
diabetes,60%,raw,NB,2,2,202,0.5481
diabetes,60%,raw,XGBoost,2,1,101,0.6456
diabetes,60%,raw,XGBoost,2,2,202,0.6427
diabetes,60%,fill,RF,2,1,101,0.627
diabetes,60%,fill,RF,2,2,202,0.6206
diabetes,60%,fill,NB,2,1,101,0.5438
diabetes,60%,fill,NB,2,2,202,0.5679
diabetes,60%,fill,XGBoost,2,1,101,0.6296
diabetes,60%,fill,XGBoost,2,2,202,0.6348
diabetes,60%,remove_fill,RF,2,1,101,0.6062
diabetes,60%,remove_fill,RF,2,2,202,0.5949
diabetes,60%,remove_fill,NB,2,1,101,0.5774
diabetes,60%,remove_fill,NB,2,2,202,0.5691
diabetes,60%,remove_fill,XGBoost,2,1,101,0.6165
diabetes,60%,remove_fill,XGBoost,2,2,202,0.6109
diabetes,60%,fill_norm,RF,2,1,101,0.6263
diabetes,60%,fill_norm,RF,2,2,202,0.6193
diabetes,60%,fill_norm,NB,2,1,101,0.5439
diabetes,60%,fill_norm,NB,2,2,202,0.5678
diabetes,60%,fill_norm,XGBoost,2,1,101,0.6296
diabetes,60%,fill_norm,XGBoost,2,2,202,0.6348
diabetes,60%,all,RF,2,1,101,0.6052
diabetes,60%,all,RF,2,2,202,0.5945
diabetes,60%,all,NB,2,1,101,0.5774
diabetes,60%,all,NB,2,2,202,0.5691
diabetes,60%,all,XGBoost,2,1,101,0.6165
diabetes,60%,all,XGBoost,2,2,202,0.6109
serce,ORYGINALNY,raw,RF,0,1,101,0.8958
serce,ORYGINALNY,raw,RF,0,2,202,0.882
serce,ORYGINALNY,raw,NB,0,1,101,0.896
serce,ORYGINALNY,raw,NB,0,2,202,0.8978
serce,ORYGINALNY,raw,XGBoost,0,1,101,0.891
serce,ORYGINALNY,raw,XGBoost,0,2,202,0.8775
serce,20%,raw,RF,1,1,101,0.8431
serce,20%,raw,RF,1,2,202,0.7863
serce,20%,raw,NB,1,1,101,0.5263
serce,20%,raw,NB,1,2,202,0.4897
serce,20%,raw,XGBoost,1,1,101,0.8498
serce,20%,raw,XGBoost,1,2,202,0.7858
serce,20%,fill,RF,1,1,101,0.8247
serce,20%,fill,RF,1,2,202,0.8033
serce,20%,fill,NB,1,1,101,0.6217
serce,20%,fill,NB,1,2,202,0.6208
serce,20%,fill,XGBoost,1,1,101,0.827
serce,20%,fill,XGBoost,1,2,202,0.7803
serce,20%,remove_fill,RF,1,1,101,0.8537
serce,20%,remove_fill,RF,1,2,202,0.8331
serce,20%,remove_fill,NB,1,1,101,0.7585
serce,20%,remove_fill,NB,1,2,202,0.7362
serce,20%,remove_fill,XGBoost,1,1,101,0.8275
serce,20%,remove_fill,XGBoost,1,2,202,0.8183
serce,20%,fill_norm,RF,1,1,101,0.824
serce,20%,fill_norm,RF,1,2,202,0.8044
serce,20%,fill_norm,NB,1,1,101,0.622
serce,20%,fill_norm,NB,1,2,202,0.621
serce,20%,fill_norm,XGBoost,1,1,101,0.827
serce,20%,fill_norm,XGBoost,1,2,202,0.7803
serce,20%,all,RF,1,1,101,0.854
serce,20%,all,RF,1,2,202,0.8332
serce,20%,all,NB,1,1,101,0.7585
serce,20%,all,NB,1,2,202,0.7362
serce,20%,all,XGBoost,1,1,101,0.8275
serce,20%,all,XGBoost,1,2,202,0.8183
serce,20%,raw,RF,2,1,101,0.8202
serce,20%,raw,RF,2,2,202,0.8357
serce,20%,raw,NB,2,1,101,0.541
serce,20%,raw,NB,2,2,202,0.58
serce,20%,raw,XGBoost,2,1,101,0.8182
serce,20%,raw,XGBoost,2,2,202,0.8435
serce,20%,fill,RF,2,1,101,0.8277
serce,20%,fill,RF,2,2,202,0.7946
serce,20%,fill,NB,2,1,101,0.6768
serce,20%,fill,NB,2,2,202,0.6401
serce,20%,fill,XGBoost,2,1,101,0.8007
serce,20%,fill,XGBoost,2,2,202,0.8008
serce,20%,remove_fill,RF,2,1,101,0.8321
serce,20%,remove_fill,RF,2,2,202,0.8014
serce,20%,remove_fill,NB,2,1,101,0.7478
serce,20%,remove_fill,NB,2,2,202,0.7027
serce,20%,remove_fill,XGBoost,2,1,101,0.8072
serce,20%,remove_fill,XGBoost,2,2,202,0.7852
serce,20%,fill_norm,RF,2,1,101,0.8277
serce,20%,fill_norm,RF,2,2,202,0.7945
serce,20%,fill_norm,NB,2,1,101,0.6767
serce,20%,fill_norm,NB,2,2,202,0.6411
serce,20%,fill_norm,XGBoost,2,1,101,0.8007
serce,20%,fill_norm,XGBoost,2,2,202,0.8008
serce,20%,all,RF,2,1,101,0.8325
serce,20%,all,RF,2,2,202,0.8023
serce,20%,all,NB,2,1,101,0.7478
serce,20%,all,NB,2,2,202,0.7027
serce,20%,all,XGBoost,2,1,101,0.8072
serce,20%,all,XGBoost,2,2,202,0.7852
serce,40%,raw,RF,1,1,101,0.7486
serce,40%,raw,RF,1,2,202,0.7459
serce,40%,raw,NB,1,1,101,0.5365
serce,40%,raw,NB,1,2,202,0.5295
serce,40%,raw,XGBoost,1,1,101,0.7492
serce,40%,raw,XGBoost,1,2,202,0.7375
serce,40%,fill,RF,1,1,101,0.7423
serce,40%,fill,RF,1,2,202,0.7022
serce,40%,fill,NB,1,1,101,0.631
serce,40%,fill,NB,1,2,202,0.5972
serce,40%,fill,XGBoost,1,1,101,0.7497
serce,40%,fill,XGBoost,1,2,202,0.6983
serce,40%,remove_fill,RF,1,1,101,0.7174
serce,40%,remove_fill,RF,1,2,202,0.6848
serce,40%,remove_fill,NB,1,1,101,0.6327
serce,40%,remove_fill,NB,1,2,202,0.5755
serce,40%,remove_fill,XGBoost,1,1,101,0.7212
serce,40%,remove_fill,XGBoost,1,2,202,0.6675
serce,40%,fill_norm,RF,1,1,101,0.7418
serce,40%,fill_norm,RF,1,2,202,0.7015
serce,40%,fill_norm,NB,1,1,101,0.6315
serce,40%,fill_norm,NB,1,2,202,0.5983
serce,40%,fill_norm,XGBoost,1,1,101,0.7497
serce,40%,fill_norm,XGBoost,1,2,202,0.6983
serce,40%,all,RF,1,1,101,0.7165
serce,40%,all,RF,1,2,202,0.6848
serce,40%,all,NB,1,1,101,0.633
serce,40%,all,NB,1,2,202,0.5765
serce,40%,all,XGBoost,1,1,101,0.7212
serce,40%,all,XGBoost,1,2,202,0.6675
serce,40%,raw,RF,2,1,101,0.7089
serce,40%,raw,RF,2,2,202,0.6609
serce,40%,raw,NB,2,1,101,0.4885
serce,40%,raw,NB,2,2,202,0.414
serce,40%,raw,XGBoost,2,1,101,0.719
serce,40%,raw,XGBoost,2,2,202,0.7013
serce,40%,fill,RF,2,1,101,0.7495
serce,40%,fill,RF,2,2,202,0.7359
serce,40%,fill,NB,2,1,101,0.5415
serce,40%,fill,NB,2,2,202,0.5385
serce,40%,fill,XGBoost,2,1,101,0.7267
serce,40%,fill,XGBoost,2,2,202,0.7352
serce,40%,remove_fill,RF,2,1,101,0.7621
serce,40%,remove_fill,RF,2,2,202,0.7436
serce,40%,remove_fill,NB,2,1,101,0.5987
serce,40%,remove_fill,NB,2,2,202,0.6088
serce,40%,remove_fill,XGBoost,2,1,101,0.7342
serce,40%,remove_fill,XGBoost,2,2,202,0.7322
serce,40%,fill_norm,RF,2,1,101,0.7492
serce,40%,fill_norm,RF,2,2,202,0.7367
serce,40%,fill_norm,NB,2,1,101,0.5422
serce,40%,fill_norm,NB,2,2,202,0.5387
serce,40%,fill_norm,XGBoost,2,1,101,0.7267
serce,40%,fill_norm,XGBoost,2,2,202,0.7352
serce,40%,all,RF,2,1,101,0.7622
serce,40%,all,RF,2,2,202,0.7443
serce,40%,all,NB,2,1,101,0.5987
serce,40%,all,NB,2,2,202,0.6087
serce,40%,all,XGBoost,2,1,101,0.7342
serce,40%,all,XGBoost,2,2,202,0.7322
serce,60%,raw,RF,1,1,101,0.595
serce,60%,raw,RF,1,2,202,0.5707
serce,60%,raw,NB,1,1,101,0.5127
serce,60%,raw,NB,1,2,202,0.504
serce,60%,raw,XGBoost,1,1,101,0.594
serce,60%,raw,XGBoost,1,2,202,0.5845
serce,60%,fill,RF,1,1,101,0.5309
serce,60%,fill,RF,1,2,202,0.5573
serce,60%,fill,NB,1,1,101,0.5703
serce,60%,fill,NB,1,2,202,0.6058
serce,60%,fill,XGBoost,1,1,101,0.5915
serce,60%,fill,XGBoost,1,2,202,0.5879
serce,60%,remove_fill,RF,1,1,101,0.5156
serce,60%,remove_fill,RF,1,2,202,0.5404
serce,60%,remove_fill,NB,1,1,101,0.5495
serce,60%,remove_fill,NB,1,2,202,0.5721
serce,60%,remove_fill,XGBoost,1,1,101,0.5798
serce,60%,remove_fill,XGBoost,1,2,202,0.5847
serce,60%,fill_norm,RF,1,1,101,0.5316
serce,60%,fill_norm,RF,1,2,202,0.5608
serce,60%,fill_norm,NB,1,1,101,0.5708
serce,60%,fill_norm,NB,1,2,202,0.6048
serce,60%,fill_norm,XGBoost,1,1,101,0.5915
serce,60%,fill_norm,XGBoost,1,2,202,0.5879
serce,60%,all,RF,1,1,101,0.517
serce,60%,all,RF,1,2,202,0.5427
serce,60%,all,NB,1,1,101,0.5502
serce,60%,all,NB,1,2,202,0.5714
serce,60%,all,XGBoost,1,1,101,0.5798
serce,60%,all,XGBoost,1,2,202,0.5847
serce,60%,raw,RF,2,1,101,0.5365
serce,60%,raw,RF,2,2,202,0.5169
serce,60%,raw,NB,2,1,101,0.588
serce,60%,raw,NB,2,2,202,0.5312
serce,60%,raw,XGBoost,2,1,101,0.5615
serce,60%,raw,XGBoost,2,2,202,0.5142
serce,60%,fill,RF,2,1,101,0.6162
serce,60%,fill,RF,2,2,202,0.5912
serce,60%,fill,NB,2,1,101,0.546
serce,60%,fill,NB,2,2,202,0.542
serce,60%,fill,XGBoost,2,1,101,0.6487
serce,60%,fill,XGBoost,2,2,202,0.6023
serce,60%,remove_fill,RF,2,1,101,0.6143
serce,60%,remove_fill,RF,2,2,202,0.5813
serce,60%,remove_fill,NB,2,1,101,0.5057
serce,60%,remove_fill,NB,2,2,202,0.5015
serce,60%,remove_fill,XGBoost,2,1,101,0.6472
serce,60%,remove_fill,XGBoost,2,2,202,0.5964
serce,60%,fill_norm,RF,2,1,101,0.6168
serce,60%,fill_norm,RF,2,2,202,0.5907
serce,60%,fill_norm,NB,2,1,101,0.5458
serce,60%,fill_norm,NB,2,2,202,0.5417
serce,60%,fill_norm,XGBoost,2,1,101,0.6487
serce,60%,fill_norm,XGBoost,2,2,202,0.6023
serce,60%,all,RF,2,1,101,0.6125
serce,60%,all,RF,2,2,202,0.5814
serce,60%,all,NB,2,1,101,0.5052
serce,60%,all,NB,2,2,202,0.5012
serce,60%,all,XGBoost,2,1,101,0.6472
serce,60%,all,XGBoost,2,2,202,0.5964
rezygnacje,ORYGINALNY,raw,RF,0,1,101,0.9128
rezygnacje,ORYGINALNY,raw,RF,0,2,202,0.9103
rezygnacje,ORYGINALNY,raw,NB,0,1,101,0.6339
rezygnacje,ORYGINALNY,raw,NB,0,2,202,0.6334
rezygnacje,ORYGINALNY,raw,XGBoost,0,1,101,0.9173
rezygnacje,ORYGINALNY,raw,XGBoost,0,2,202,0.9165
rezygnacje,20%,raw,RF,1,1,101,0.7725
rezygnacje,20%,raw,RF,1,2,202,0.7812
rezygnacje,20%,raw,NB,1,1,101,0.4949
rezygnacje,20%,raw,NB,1,2,202,0.5607
rezygnacje,20%,raw,XGBoost,1,1,101,0.7928
rezygnacje,20%,raw,XGBoost,1,2,202,0.7921
rezygnacje,20%,fill,RF,1,1,101,0.7839
rezygnacje,20%,fill,RF,1,2,202,0.7917
rezygnacje,20%,fill,NB,1,1,101,0.5077
rezygnacje,20%,fill,NB,1,2,202,0.5577
rezygnacje,20%,fill,XGBoost,1,1,101,0.794
rezygnacje,20%,fill,XGBoost,1,2,202,0.8014
rezygnacje,20%,remove_fill,RF,1,1,101,0.7933
rezygnacje,20%,remove_fill,RF,1,2,202,0.7971
rezygnacje,20%,remove_fill,NB,1,1,101,0.7228
rezygnacje,20%,remove_fill,NB,1,2,202,0.7202
rezygnacje,20%,remove_fill,XGBoost,1,1,101,0.8021
rezygnacje,20%,remove_fill,XGBoost,1,2,202,0.811
rezygnacje,20%,fill_norm,RF,1,1,101,0.7839
rezygnacje,20%,fill_norm,RF,1,2,202,0.7913
rezygnacje,20%,fill_norm,NB,1,1,101,0.5043
rezygnacje,20%,fill_norm,NB,1,2,202,0.5614
rezygnacje,20%,fill_norm,XGBoost,1,1,101,0.794
rezygnacje,20%,fill_norm,XGBoost,1,2,202,0.8014
rezygnacje,20%,all,RF,1,1,101,0.7935
rezygnacje,20%,all,RF,1,2,202,0.7968
rezygnacje,20%,all,NB,1,1,101,0.7228
rezygnacje,20%,all,NB,1,2,202,0.7202
rezygnacje,20%,all,XGBoost,1,1,101,0.8021
rezygnacje,20%,all,XGBoost,1,2,202,0.811
rezygnacje,20%,raw,RF,2,1,101,0.7964
rezygnacje,20%,raw,RF,2,2,202,0.7938
rezygnacje,20%,raw,NB,2,1,101,0.5304
rezygnacje,20%,raw,NB,2,2,202,0.5523
rezygnacje,20%,raw,XGBoost,2,1,101,0.7998
rezygnacje,20%,raw,XGBoost,2,2,202,0.8136
rezygnacje,20%,fill,RF,2,1,101,0.7961
rezygnacje,20%,fill,RF,2,2,202,0.8015
rezygnacje,20%,fill,NB,2,1,101,0.5404
rezygnacje,20%,fill,NB,2,2,202,0.5566
rezygnacje,20%,fill,XGBoost,2,1,101,0.8018
rezygnacje,20%,fill,XGBoost,2,2,202,0.8123
rezygnacje,20%,remove_fill,RF,2,1,101,0.8082
rezygnacje,20%,remove_fill,RF,2,2,202,0.8027
rezygnacje,20%,remove_fill,NB,2,1,101,0.7414
rezygnacje,20%,remove_fill,NB,2,2,202,0.7337
rezygnacje,20%,remove_fill,XGBoost,2,1,101,0.8147
rezygnacje,20%,remove_fill,XGBoost,2,2,202,0.8121
rezygnacje,20%,fill_norm,RF,2,1,101,0.7966
rezygnacje,20%,fill_norm,RF,2,2,202,0.8015
rezygnacje,20%,fill_norm,NB,2,1,101,0.5275
rezygnacje,20%,fill_norm,NB,2,2,202,0.5548
rezygnacje,20%,fill_norm,XGBoost,2,1,101,0.8018
rezygnacje,20%,fill_norm,XGBoost,2,2,202,0.8123
rezygnacje,20%,all,RF,2,1,101,0.808
rezygnacje,20%,all,RF,2,2,202,0.8025
rezygnacje,20%,all,NB,2,1,101,0.7414
rezygnacje,20%,all,NB,2,2,202,0.7337
rezygnacje,20%,all,XGBoost,2,1,101,0.8147
rezygnacje,20%,all,XGBoost,2,2,202,0.8121
rezygnacje,40%,raw,RF,1,1,101,0.6864
rezygnacje,40%,raw,RF,1,2,202,0.6709
rezygnacje,40%,raw,NB,1,1,101,0.5603
rezygnacje,40%,raw,NB,1,2,202,0.5623
rezygnacje,40%,raw,XGBoost,1,1,101,0.7045
rezygnacje,40%,raw,XGBoost,1,2,202,0.6971
rezygnacje,40%,fill,RF,1,1,101,0.699
rezygnacje,40%,fill,RF,1,2,202,0.6905
rezygnacje,40%,fill,NB,1,1,101,0.575
rezygnacje,40%,fill,NB,1,2,202,0.5814
rezygnacje,40%,fill,XGBoost,1,1,101,0.7067
rezygnacje,40%,fill,XGBoost,1,2,202,0.6925
rezygnacje,40%,remove_fill,RF,1,1,101,0.6706
rezygnacje,40%,remove_fill,RF,1,2,202,0.6621
rezygnacje,40%,remove_fill,NB,1,1,101,0.5672
rezygnacje,40%,remove_fill,NB,1,2,202,0.5714
rezygnacje,40%,remove_fill,XGBoost,1,1,101,0.6627
rezygnacje,40%,remove_fill,XGBoost,1,2,202,0.6738
rezygnacje,40%,fill_norm,RF,1,1,101,0.6999
rezygnacje,40%,fill_norm,RF,1,2,202,0.6923
rezygnacje,40%,fill_norm,NB,1,1,101,0.5159
rezygnacje,40%,fill_norm,NB,1,2,202,0.5202
rezygnacje,40%,fill_norm,XGBoost,1,1,101,0.7067
rezygnacje,40%,fill_norm,XGBoost,1,2,202,0.6925
rezygnacje,40%,all,RF,1,1,101,0.6703
rezygnacje,40%,all,RF,1,2,202,0.6627
rezygnacje,40%,all,NB,1,1,101,0.5671
rezygnacje,40%,all,NB,1,2,202,0.5712
rezygnacje,40%,all,XGBoost,1,1,101,0.6627
rezygnacje,40%,all,XGBoost,1,2,202,0.6738
rezygnacje,40%,raw,RF,2,1,101,0.6443
rezygnacje,40%,raw,RF,2,2,202,0.6617
rezygnacje,40%,raw,NB,2,1,101,0.5252
rezygnacje,40%,raw,NB,2,2,202,0.5524
rezygnacje,40%,raw,XGBoost,2,1,101,0.6895
rezygnacje,40%,raw,XGBoost,2,2,202,0.6964
rezygnacje,40%,fill,RF,2,1,101,0.6494
rezygnacje,40%,fill,RF,2,2,202,0.6791
rezygnacje,40%,fill,NB,2,1,101,0.5294
rezygnacje,40%,fill,NB,2,2,202,0.5609
rezygnacje,40%,fill,XGBoost,2,1,101,0.6902
rezygnacje,40%,fill,XGBoost,2,2,202,0.6977
rezygnacje,40%,remove_fill,RF,2,1,101,0.675
rezygnacje,40%,remove_fill,RF,2,2,202,0.6689
rezygnacje,40%,remove_fill,NB,2,1,101,0.5527
rezygnacje,40%,remove_fill,NB,2,2,202,0.5603
rezygnacje,40%,remove_fill,XGBoost,2,1,101,0.6748
rezygnacje,40%,remove_fill,XGBoost,2,2,202,0.6923
rezygnacje,40%,fill_norm,RF,2,1,101,0.6495
rezygnacje,40%,fill_norm,RF,2,2,202,0.6784
rezygnacje,40%,fill_norm,NB,2,1,101,0.5137
rezygnacje,40%,fill_norm,NB,2,2,202,0.54
rezygnacje,40%,fill_norm,XGBoost,2,1,101,0.6902
rezygnacje,40%,fill_norm,XGBoost,2,2,202,0.6977
rezygnacje,40%,all,RF,2,1,101,0.6754
rezygnacje,40%,all,RF,2,2,202,0.6691
rezygnacje,40%,all,NB,2,1,101,0.5529
rezygnacje,40%,all,NB,2,2,202,0.561
rezygnacje,40%,all,XGBoost,2,1,101,0.6748
rezygnacje,40%,all,XGBoost,2,2,202,0.6923
rezygnacje,60%,raw,RF,1,1,101,0.5801
rezygnacje,60%,raw,RF,1,2,202,0.5762
rezygnacje,60%,raw,NB,1,1,101,0.5233
rezygnacje,60%,raw,NB,1,2,202,0.5196
rezygnacje,60%,raw,XGBoost,1,1,101,0.6016
rezygnacje,60%,raw,XGBoost,1,2,202,0.5913
rezygnacje,60%,fill,RF,1,1,101,0.5925
rezygnacje,60%,fill,RF,1,2,202,0.5775
rezygnacje,60%,fill,NB,1,1,101,0.5536
rezygnacje,60%,fill,NB,1,2,202,0.5528
rezygnacje,60%,fill,XGBoost,1,1,101,0.6083
rezygnacje,60%,fill,XGBoost,1,2,202,0.622
rezygnacje,60%,remove_fill,RF,1,1,101,0.5724
rezygnacje,60%,remove_fill,RF,1,2,202,0.5754
rezygnacje,60%,remove_fill,NB,1,1,101,0.5311
rezygnacje,60%,remove_fill,NB,1,2,202,0.543
rezygnacje,60%,remove_fill,XGBoost,1,1,101,0.602
rezygnacje,60%,remove_fill,XGBoost,1,2,202,0.6071
rezygnacje,60%,fill_norm,RF,1,1,101,0.5923
rezygnacje,60%,fill_norm,RF,1,2,202,0.5776
rezygnacje,60%,fill_norm,NB,1,1,101,0.5004
rezygnacje,60%,fill_norm,NB,1,2,202,0.4915
rezygnacje,60%,fill_norm,XGBoost,1,1,101,0.6083
rezygnacje,60%,fill_norm,XGBoost,1,2,202,0.622
rezygnacje,60%,all,RF,1,1,101,0.5725
rezygnacje,60%,all,RF,1,2,202,0.5759
rezygnacje,60%,all,NB,1,1,101,0.5311
rezygnacje,60%,all,NB,1,2,202,0.543
rezygnacje,60%,all,XGBoost,1,1,101,0.602
rezygnacje,60%,all,XGBoost,1,2,202,0.6071
rezygnacje,60%,raw,RF,2,1,101,0.5754
rezygnacje,60%,raw,RF,2,2,202,0.576
rezygnacje,60%,raw,NB,2,1,101,0.543
rezygnacje,60%,raw,NB,2,2,202,0.5338
rezygnacje,60%,raw,XGBoost,2,1,101,0.6092
rezygnacje,60%,raw,XGBoost,2,2,202,0.5884
rezygnacje,60%,fill,RF,2,1,101,0.6017
rezygnacje,60%,fill,RF,2,2,202,0.5848
rezygnacje,60%,fill,NB,2,1,101,0.5573
rezygnacje,60%,fill,NB,2,2,202,0.5558
rezygnacje,60%,fill,XGBoost,2,1,101,0.6221
rezygnacje,60%,fill,XGBoost,2,2,202,0.6106
rezygnacje,60%,remove_fill,RF,2,1,101,0.5869
rezygnacje,60%,remove_fill,RF,2,2,202,0.5638
rezygnacje,60%,remove_fill,NB,2,1,101,0.5324
rezygnacje,60%,remove_fill,NB,2,2,202,0.529
rezygnacje,60%,remove_fill,XGBoost,2,1,101,0.6076
rezygnacje,60%,remove_fill,XGBoost,2,2,202,0.5961
rezygnacje,60%,fill_norm,RF,2,1,101,0.6009
rezygnacje,60%,fill_norm,RF,2,2,202,0.5838
rezygnacje,60%,fill_norm,NB,2,1,101,0.5119
rezygnacje,60%,fill_norm,NB,2,2,202,0.5066
rezygnacje,60%,fill_norm,XGBoost,2,1,101,0.6221
rezygnacje,60%,fill_norm,XGBoost,2,2,202,0.6106
rezygnacje,60%,all,RF,2,1,101,0.588
rezygnacje,60%,all,RF,2,2,202,0.5629
rezygnacje,60%,all,NB,2,1,101,0.5325
rezygnacje,60%,all,NB,2,2,202,0.529
rezygnacje,60%,all,XGBoost,2,1,101,0.6076
rezygnacje,60%,all,XGBoost,2,2,202,0.5961
